City_ID,City,Country,Date,Lat,Lng,Max Temp,Humidity,Cloudiness,Wind Speed
0,Mataura,NZ,2021-10-06 19:36:04,-46.1927,168.8643,49.48,83,36,2.24
1,Hobart,AU,2021-10-06 19:36:04,-42.8794,147.3294,48.06,77,75,1.99
2,Atuona,PF,2021-10-06 19:36:04,-9.8,-139.0333,78.42,79,14,22.66
3,Chuy,UY,2021-10-06 19:36:04,-33.6971,-53.4616,55.33,64,63,17.69
4,Albany,US,2021-10-06 19:31:13,42.6001,-73.9662,71.94,69,60,2.71
5,Rikitea,PF,2021-10-06 19:36:05,-23.1203,-134.9692,73.92,79,99,18.92
6,Kapaa,US,2021-10-06 19:36:05,22.0752,-159.319,80.58,72,20,3.0
7,Cape Town,ZA,2021-10-06 19:36:05,-33.9258,18.4232,66.88,64,0,4.0
8,Assiniboia,CA,2021-10-06 19:35:41,49.6334,-105.9845,76.91,14,100,11.5
9,Bathsheba,BB,2021-10-06 19:36:06,13.2167,-59.5167,81.21,83,75,17.27
10,Jamestown,US,2021-10-06 19:35:28,42.097,-79.2353,80.85,62,1,5.01
11,Vaini,TO,2021-10-06 19:36:06,-21.2,-175.2,75.36,94,75,10.36
12,Punta Arenas,CL,2021-10-06 19:35:01,-53.15,-70.9167,55.51,50,0,29.93
13,Port Alfred,ZA,2021-10-06 19:36:06,-33.5906,26.891,65.16,84,29,22.57
14,Haines Junction,CA,2021-10-06 19:36:07,60.7522,-137.5108,31.95,64,15,2.3
15,Kruisfontein,ZA,2021-10-06 19:33:51,-34.0033,24.7314,61.88,93,22,11.61
16,Cayenne,GF,2021-10-06 19:36:07,4.9333,-52.3333,86.04,83,65,1.99
17,Baykit,RU,2021-10-06 19:34:38,61.67,96.37,32.92,96,100,7.52
18,Manuk Mangkaw,PH,2021-10-06 19:36:07,4.8,119.85,84.18,74,45,12.75
19,Constitucion,CL,2021-10-06 19:33:58,-35.3333,-72.4167,61.09,53,0,10.56
20,Lagoa,PT,2021-10-06 19:36:08,39.05,-27.9833,70.88,88,3,12.8
21,Busselton,AU,2021-10-06 19:36:08,-33.65,115.3333,50.04,72,100,6.42
22,Ushuaia,AR,2021-10-06 19:36:08,-54.8,-68.3,53.22,54,75,5.75
23,Sabang,ID,2021-10-06 19:36:09,5.8933,95.3214,81.14,76,100,12.59
24,Buala,SB,2021-10-06 19:36:09,-8.145,159.5921,80.89,78,63,5.23
25,Bluff,NZ,2021-10-06 19:36:09,-46.6,168.3333,49.8,93,69,4.43
26,Tasiilaq,GL,2021-10-06 19:36:09,65.6145,-37.6368,33.96,64,0,5.14
27,Kinango,KE,2021-10-06 19:36:10,-4.1372,39.3153,70.27,94,8,6.49
28,Avarua,CK,2021-10-06 19:36:10,-21.2078,-159.775,77.05,69,20,12.66
29,Arraial Do Cabo,BR,2021-10-06 19:36:10,-22.9661,-42.0278,75.16,78,75,21.85
30,Hami,CN,2021-10-06 19:36:11,42.8,93.45,55.51,27,100,8.48
31,Thompson,CA,2021-10-06 19:36:11,55.7435,-97.8558,53.76,54,40,6.91
32,Bria,CF,2021-10-06 19:36:11,6.5423,21.9863,70.0,96,90,3.38
33,Ostrovnoy,RU,2021-10-06 19:32:05,68.0531,39.5131,47.53,88,99,20.56
34,Ancud,CL,2021-10-06 19:36:12,-41.8697,-73.8203,58.53,52,0,5.73
35,East London,ZA,2021-10-06 19:36:12,-33.0153,27.9116,66.4,81,84,17.94
36,Kavieng,PG,2021-10-06 19:36:12,-2.5744,150.7967,79.57,76,100,1.72
37,Carnarvon,AU,2021-10-06 19:36:13,-24.8667,113.6333,60.87,77,0,16.11
38,Kaitangata,NZ,2021-10-06 19:36:13,-46.2817,169.8464,51.13,88,100,1.81
39,Barrow,US,2021-10-06 19:36:13,71.2906,-156.7887,30.22,86,90,10.36
40,Mar Del Plata,AR,2021-10-06 19:36:13,-38.0023,-57.5575,53.62,62,40,11.01
41,Wielun,PL,2021-10-06 19:36:14,51.221,18.5696,53.89,94,100,3.15
42,Hermanus,ZA,2021-10-06 19:36:14,-34.4187,19.2345,61.81,85,2,17.02
43,Dikson,RU,2021-10-06 19:36:14,73.5069,80.5464,31.32,83,100,9.06
44,Yellowknife,CA,2021-10-06 19:36:15,62.456,-114.3525,40.41,99,90,5.01
45,Bahia Blanca,AR,2021-10-06 19:36:15,-38.7196,-62.2724,58.33,32,6,9.13
46,Nisia Floresta,BR,2021-10-06 19:36:04,-6.0911,-35.2086,85.01,74,93,13.58
47,Aksarka,RU,2021-10-06 19:36:15,66.5606,67.7975,44.58,81,100,16.13
48,Vila Franca Do Campo,PT,2021-10-06 19:36:15,37.7167,-25.4333,77.2,93,100,13.02
49,The Valley,AI,2021-10-06 19:36:16,18.217,-63.0578,86.83,74,75,13.8
50,New Norfolk,AU,2021-10-06 19:36:16,-42.7826,147.0587,47.71,74,100,3.0
51,At-Bashi,KG,2021-10-06 19:36:16,41.1702,75.8106,40.3,94,97,1.3
52,Saint-Medard-En-Jalles,FR,2021-10-06 19:36:17,44.8969,-0.7214,57.42,81,0,5.75
53,Tanete,ID,2021-10-06 19:36:17,-3.9443,119.7848,73.17,93,28,3.58
54,Port Hardy,CA,2021-10-06 19:36:17,50.6996,-127.4199,50.0,87,75,3.44
55,Half Moon Bay,US,2021-10-06 19:35:28,37.4636,-122.4286,72.61,69,1,1.01
56,Butaritari,KI,2021-10-06 19:36:18,3.0707,172.7902,81.72,70,88,16.2
57,Flin Flon,CA,2021-10-06 19:36:18,54.7682,-101.865,58.84,44,75,6.91
58,Jiwani,PK,2021-10-06 19:36:18,25.05,61.7417,80.51,81,0,7.16
59,Qaanaaq,GL,2021-10-06 19:36:18,77.484,-69.3632,21.16,66,0,8.52
60,Erenhot,CN,2021-10-06 19:36:19,43.6475,111.9767,44.78,71,0,8.1
61,Belmonte,BR,2021-10-06 19:36:19,-15.8631,-38.8828,81.1,71,1,7.76
62,Ovre Ardal,NO,2021-10-06 19:36:19,61.3167,7.8,49.08,93,100,4.99
63,Camapua,BR,2021-10-06 19:36:20,-19.5314,-54.0439,93.51,35,39,2.55
64,Honiara,SB,2021-10-06 19:36:20,-9.4333,159.95,78.94,83,97,4.5
65,Vaasa,FI,2021-10-06 19:36:20,63.096,21.6158,51.82,93,90,14.97
66,Pisco,PE,2021-10-06 19:36:20,-13.7,-76.2167,68.05,68,0,6.91
67,Huarmey,PE,2021-10-06 19:36:21,-10.0681,-78.1522,68.34,74,23,10.25
68,Trenggalek,ID,2021-10-06 19:36:21,-8.05,111.7167,71.62,89,100,3.49
69,Waitati,NZ,2021-10-06 19:36:21,-45.75,170.5667,58.8,95,100,3.42
70,Geraldton,AU,2021-10-06 19:36:22,-28.7667,114.6,45.01,87,0,8.05
71,Hithadhoo,MV,2021-10-06 19:36:22,-0.6,73.0833,83.68,74,27,12.12
72,Cherskiy,RU,2021-10-06 19:36:22,68.75,161.3,9.18,97,98,6.55
73,Slave Lake,CA,2021-10-06 19:36:23,55.2834,-114.769,40.98,81,90,16.11
74,Horodnye,UA,2021-10-06 19:36:23,45.8908,28.8483,48.11,55,7,7.61
75,Adrar,MR,2021-10-06 19:36:23,20.5022,-10.0711,95.23,15,66,8.19
76,Waddan,LY,2021-10-06 19:36:23,29.1614,16.139,75.27,30,0,7.83
77,Soritor,PE,2021-10-06 19:36:24,-6.1392,-77.1039,76.03,91,61,2.37
78,Khatanga,RU,2021-10-06 19:36:24,71.9667,102.5,21.36,96,100,9.01
79,Airai,TL,2021-10-06 19:36:24,-8.9266,125.4092,57.87,76,20,2.35
80,Westport,US,2021-10-06 19:32:31,41.1415,-73.3579,72.46,65,90,5.99
81,Tucurui,BR,2021-10-06 19:36:25,-3.7661,-49.6725,90.32,47,99,0.72
82,Grindavik,IS,2021-10-06 19:36:25,63.8424,-22.4338,44.55,70,75,18.41
83,Harper,LR,2021-10-06 19:36:25,4.375,-7.7169,78.26,86,38,7.9
84,Shubarkuduk,KZ,2021-10-06 19:36:25,49.1447,56.4872,37.54,50,3,6.76
85,Kutum,SD,2021-10-06 19:36:26,14.2,24.6667,79.65,20,100,10.09
86,Batouri,CM,2021-10-06 19:36:26,4.4333,14.3667,70.12,95,100,1.88
87,Mahajanga,MG,2021-10-06 19:36:26,-15.7167,46.3167,77.02,78,20,8.05
88,Bacolod,PH,2021-10-06 19:36:27,10.6667,122.95,77.32,89,78,0.87
89,Gizo,SB,2021-10-06 19:36:27,-8.103,156.8419,81.77,75,57,4.68
90,Ayan,RU,2021-10-06 19:36:27,56.45,138.1667,37.38,60,100,11.54
91,Victoria,HK,2021-10-06 19:33:25,22.2855,114.1577,85.32,79,3,3.0
92,La Cruz,MX,2021-10-06 19:36:28,23.9167,-106.9,88.75,59,0,6.89
93,Kodiak,US,2021-10-06 19:36:28,57.79,-152.4072,47.71,81,90,4.61
94,Bayeux,BR,2021-10-06 19:36:28,-7.125,-34.9322,83.03,69,40,16.11
95,Bredasdorp,ZA,2021-10-06 19:36:28,-34.5322,20.0403,61.29,93,11,14.83
96,Hilo,US,2021-10-06 19:33:04,19.7297,-155.09,82.13,77,75,9.22
97,Guerrero Negro,MX,2021-10-06 19:36:29,27.9769,-114.0611,76.55,55,54,16.73
98,Mecca,SA,2021-10-06 19:36:29,21.4267,39.8261,86.58,43,6,5.01
99,Saint George,US,2021-10-06 19:35:25,37.1041,-113.5841,79.27,39,1,1.01
100,Port Elizabeth,ZA,2021-10-06 19:36:29,-33.918,25.5701,64.09,88,20,11.5
101,Nouadhibou,MR,2021-10-06 19:36:30,20.931,-17.0347,72.39,78,94,22.12
102,Souillac,MU,2021-10-06 19:36:30,-20.5167,57.5167,69.37,94,75,4.61
103,Tynda,RU,2021-10-06 19:36:30,55.1667,124.7167,25.0,83,100,1.79
104,Valdivia,CL,2021-10-06 19:36:31,-39.8142,-73.2459,66.29,32,0,7.27
105,Pavlodar,KZ,2021-10-06 19:36:31,52.3,76.95,31.8,74,0,6.71
106,Santa Maria Del Oro,MX,2021-10-06 19:36:31,25.9333,-105.3667,77.92,40,2,3.87
107,Avera,US,2021-10-06 19:36:31,33.194,-82.5271,77.68,88,100,8.97
108,Usinsk,RU,2021-10-06 19:36:32,65.9939,57.5281,44.17,90,100,16.13
109,Cockburn Town,TC,2021-10-06 19:36:32,21.4612,-71.1419,85.96,62,40,16.11
110,Tautira,PF,2021-10-06 19:32:01,-17.7333,-149.15,80.62,78,55,10.92
111,Ponta Do Sol,PT,2021-10-06 19:36:32,32.6667,-17.1,74.03,76,97,4.5
112,Chokurdakh,RU,2021-10-06 19:36:33,70.6333,147.9167,19.71,91,100,10.09
113,Magadi,IN,2021-10-06 19:36:33,12.9667,77.2333,73.74,95,56,4.23
114,Ystad,SE,2021-10-06 19:36:33,55.4297,13.8204,48.94,85,33,1.92
115,Rio Grande,BR,2021-10-06 19:36:34,-32.035,-52.0986,73.51,71,39,20.07
116,Ahuimanu,US,2021-10-06 19:36:34,21.4447,-157.8378,83.91,63,1,14.97
117,Bambous Virieux,MU,2021-10-06 19:36:34,-20.3428,57.7575,69.22,94,75,4.61
118,Gamboula,CF,2021-10-06 19:36:34,4.1178,15.1393,69.84,95,86,1.14
119,San Quintin,MX,2021-10-06 19:36:35,30.4833,-115.95,72.77,67,57,15.9
120,Oloron-Sainte-Marie,FR,2021-10-06 19:36:35,43.1944,-0.6107,55.33,87,74,2.42
121,Longyearbyen,SJ,2021-10-06 19:32:28,78.2186,15.6401,35.44,75,75,12.66
122,Luderitz,NA,2021-10-06 19:36:35,-26.6481,15.1594,60.62,63,0,2.51
123,Sibu,MY,2021-10-06 19:36:35,2.3,111.8167,77.31,88,40,3.0
124,Nikolskoye,RU,2021-10-06 19:36:36,59.7035,30.7861,53.4,66,3,11.86
125,Bloemfontein,ZA,2021-10-06 19:35:03,-29.1211,26.214,63.88,36,0,3.44
126,Udimskiy,RU,2021-10-06 19:36:36,61.1417,45.9144,38.93,89,59,7.87
127,Bengkulu,ID,2021-10-06 19:36:36,-3.8004,102.2655,73.6,94,100,2.66
128,Zhigansk,RU,2021-10-06 19:36:37,66.7697,123.3711,29.75,72,100,19.19
129,Tuktoyaktuk,CA,2021-10-06 19:36:37,69.4541,-133.0374,33.8,75,20,16.11
130,Saint-Philippe,RE,2021-10-06 19:36:37,-21.3585,55.7679,69.39,81,36,2.66
131,Pevek,RU,2021-10-06 19:36:37,69.7008,170.3133,26.38,77,100,13.44
132,Inhambane,MZ,2021-10-06 19:36:38,-23.865,35.3833,73.38,73,40,4.61
133,Saldanha,ZA,2021-10-06 19:36:38,-33.0117,17.9442,69.85,64,0,12.33
134,Antofagasta,CL,2021-10-06 19:32:27,-23.65,-70.4,61.88,69,97,6.89
135,Umba,RU,2021-10-06 19:36:38,66.6871,34.3429,46.44,87,100,14.09
136,Provideniya,RU,2021-10-06 19:36:39,64.3833,-173.3,37.51,87,90,8.95
137,Upernavik,GL,2021-10-06 19:36:39,72.7868,-56.1549,32.31,52,100,3.0
138,Taguatinga,BR,2021-10-06 19:36:39,-12.3857,-46.5711,103.14,11,50,4.18
139,Yuancheng,CN,2021-10-06 19:36:39,36.652,107.7896,49.15,77,100,2.44
140,Vigeland,NO,2021-10-06 19:36:40,58.0844,7.305,55.94,80,46,4.68
141,Coquimbo,CL,2021-10-06 19:36:40,-29.9533,-71.3436,58.73,72,20,12.66
142,Busembatia,UG,2021-10-06 19:36:40,0.7697,33.6131,64.78,89,74,3.58
143,Almaznyy,RU,2021-10-06 19:36:40,48.0448,40.045,41.14,40,4,14.56
144,La Sarre,CA,2021-10-06 19:36:41,48.8002,-79.1996,67.64,50,0,5.39
145,Shiyan,CN,2021-10-06 19:36:41,32.6475,110.7781,55.51,97,100,2.1
146,Khash,IR,2021-10-06 19:36:41,28.2211,61.2158,67.46,12,0,3.98
147,Vostok,RU,2021-10-06 19:36:42,46.4856,135.8833,36.27,78,100,4.52
148,Fortuna,US,2021-10-06 19:36:42,40.5982,-124.1573,64.18,55,1,5.99
149,Broken Hill,AU,2021-10-06 19:31:53,-31.95,141.4333,53.31,62,32,24.16
150,Talnakh,RU,2021-10-06 19:36:42,69.4865,88.3972,35.26,100,100,5.35
151,Ust-Kulom,RU,2021-10-06 19:36:43,61.6864,53.6902,37.74,92,51,6.11
152,Kahului,US,2021-10-06 19:36:43,20.8947,-156.47,80.62,73,40,18.41
153,Dzaoudzi,YT,2021-10-06 19:36:43,-12.7887,45.2699,78.69,78,90,8.05
154,Lebu,CL,2021-10-06 19:32:00,-37.6167,-73.65,58.19,55,0,17.18
155,Linkoping,SE,2021-10-06 19:36:44,58.4109,15.6216,57.34,91,75,4.61
156,Puerto Ayora,EC,2021-10-06 19:36:44,-0.7393,-90.3518,71.55,90,92,3.0
157,Traverse City,US,2021-10-06 19:33:41,44.7631,-85.6206,72.73,64,40,6.91
158,Mitsamiouli,KM,2021-10-06 19:36:44,-11.3847,43.2844,75.79,84,81,2.62
159,San Patricio,US,2021-10-06 19:36:44,28.017,-97.5169,90.01,33,0,4.03
160,Praia Da Vitoria,PT,2021-10-06 19:36:45,38.7333,-27.0667,73.65,88,75,5.84
161,Ambulu,ID,2021-10-06 19:36:45,-8.345,113.6058,72.16,83,92,3.27
162,Pinheiro Machado,BR,2021-10-06 19:36:45,-31.5783,-53.3811,66.06,61,82,10.45
163,Nara,JP,2021-10-06 19:36:46,34.6851,135.8049,69.98,69,8,2.53
164,Saskylakh,RU,2021-10-06 19:36:46,71.9167,114.0833,25.72,97,100,8.95
165,Dzhebariki-Khaya,RU,2021-10-06 19:36:46,62.2167,135.8,29.16,95,100,5.32
166,Marica,BR,2021-10-06 19:36:46,-22.9194,-42.8186,81.27,80,57,14.5
167,Dombarovskiy,RU,2021-10-06 19:36:47,50.7587,59.5386,35.91,65,7,5.99
168,Garowe,SO,2021-10-06 19:36:47,8.4054,48.4845,77.92,71,24,21.32
169,Kosh-Agach,RU,2021-10-06 19:36:47,50.0,88.6667,24.58,74,96,7.72
170,Jutai,BR,2021-10-06 19:36:48,-5.1833,-68.9,86.79,65,55,2.86
171,Sorland,NO,2021-10-06 19:36:48,67.667,12.6934,42.87,73,100,22.28
172,Brae,GB,2021-10-06 19:36:48,60.3964,-1.353,40.91,82,36,3.65
173,Karachev,RU,2021-10-06 19:36:49,53.1229,34.9852,39.09,61,8,6.62
174,Camopi,GF,2021-10-06 19:33:20,3.1655,-52.3158,84.43,59,100,1.68
175,Tessalit,ML,2021-10-06 19:36:49,20.1986,1.0114,91.76,9,77,7.45
176,Brits,ZA,2021-10-06 19:36:49,-25.6347,27.7802,71.33,40,4,3.91
177,Dwarka,IN,2021-10-06 19:33:34,22.2394,68.9678,81.63,77,7,9.55
178,Havre-Saint-Pierre,CA,2021-10-06 19:33:18,50.2334,-63.5986,57.79,72,1,26.46
179,Okato,NZ,2021-10-06 19:36:50,-39.2,173.8833,58.42,95,100,11.27
180,Levelland,US,2021-10-06 19:36:50,33.5873,-102.378,79.2,30,24,11.32
181,Sao Joao Da Barra,BR,2021-10-06 19:36:06,-21.6403,-41.0511,75.29,81,90,10.0
182,Nawa,IN,2021-10-06 19:36:50,27.0167,75.0,81.95,56,0,3.83
183,Szubin,PL,2021-10-06 19:36:51,53.0097,17.74,57.4,94,90,8.05
184,Mahebourg,MU,2021-10-06 19:36:51,-20.4081,57.7,69.26,94,75,4.61
185,Bethanien,NA,2021-10-06 19:36:51,-26.502,17.1583,68.5,17,0,8.81
186,Cusuna,HN,2021-10-06 19:36:51,15.85,-85.2333,78.37,89,100,5.03
187,Motril,ES,2021-10-06 19:36:52,36.7507,-3.5179,79.3,59,6,2.95
188,Rundu,NA,2021-10-06 19:36:52,-17.9333,19.7667,73.85,56,100,5.06
189,Forbes,AU,2021-10-06 19:36:52,-33.3833,148.0167,53.85,43,85,12.88
190,Taltal,CL,2021-10-06 19:34:20,-25.4,-70.4833,62.94,65,74,5.21
191,Lasa,IT,2021-10-06 19:36:53,46.6166,10.7002,55.31,95,100,8.43
192,Kouroussa,GN,2021-10-06 19:36:53,10.65,-9.8833,80.67,69,100,2.35
193,Salalah,OM,2021-10-06 19:36:53,17.0151,54.0924,80.69,89,75,5.75
194,Along,IN,2021-10-06 19:36:53,28.1667,94.7667,70.11,98,62,1.59
195,Methoni,GR,2021-10-06 19:36:54,36.8197,21.7049,71.22,73,70,6.29
196,Toamasina,MG,2021-10-06 19:36:54,-18.1667,49.3833,68.0,94,40,1.14
197,Batagay-Alyta,RU,2021-10-06 19:32:38,67.8006,130.4114,24.17,69,100,4.72
198,Burriana,ES,2021-10-06 19:33:06,39.889,-0.085,71.71,66,86,7.74
199,Kalabo,ZM,2021-10-06 19:34:17,-14.97,22.6814,74.41,59,78,5.61
200,Tomatlan,MX,2021-10-06 19:32:08,19.9333,-105.25,91.06,59,63,5.79
201,Bridlington,GB,2021-10-06 19:36:55,54.0831,-0.1919,53.89,78,78,5.79
202,Grand Gaube,MU,2021-10-06 19:36:55,-20.0064,57.6608,69.39,78,2,4.74
203,Bethel,US,2021-10-06 19:36:55,41.3712,-73.414,70.39,78,90,0.0
204,Alyangula,AU,2021-10-06 19:36:55,-13.8483,136.4192,71.47,94,34,2.3
205,Kunda,IN,2021-10-06 19:36:56,25.7167,81.5167,82.63,67,67,4.12
206,Chalons-En-Champagne,FR,2021-10-06 19:36:56,48.9539,4.3672,56.43,84,97,6.35
207,Christchurch,NZ,2021-10-06 19:32:26,-43.5333,172.6333,59.47,90,90,4.0
208,Tocache,PE,2021-10-06 19:36:56,-8.1842,-76.5125,85.98,58,60,3.13
209,Bengbu,CN,2021-10-06 19:36:57,32.9408,117.3608,63.05,82,100,10.94
210,Bud,US,2021-10-06 19:36:57,39.447,-86.1758,75.56,89,100,9.4
211,Yulara,AU,2021-10-06 19:36:57,-25.2406,130.9889,62.44,45,0,12.66
212,Polunochnoye,RU,2021-10-06 19:36:58,60.8697,60.4153,34.05,91,93,5.3
213,Narsaq,GL,2021-10-06 19:36:58,60.9167,-46.05,46.62,55,100,8.25
214,Necochea,AR,2021-10-06 19:36:58,-38.5473,-58.7368,51.04,63,46,17.49
215,Duku,NG,2021-10-06 19:36:59,11.2361,4.9073,79.54,76,100,4.88
216,Rio Gallegos,AR,2021-10-06 19:36:29,-51.6226,-69.2181,60.85,39,75,19.57
217,Buraydah,SA,2021-10-06 19:36:59,26.326,43.975,86.45,18,0,7.65
218,Rosetta,EG,2021-10-06 19:36:59,31.4044,30.4164,71.56,65,0,6.2
219,Ust-Nera,RU,2021-10-06 19:37:00,64.5667,143.2,19.36,94,92,4.76
220,Ribeira Grande,PT,2021-10-06 19:37:00,38.5167,-28.7,73.8,94,75,9.22
221,Lorengau,PG,2021-10-06 19:37:00,-2.0226,147.2712,78.3,84,88,4.23
222,San Cristobal,VE,2021-10-06 19:35:34,7.7669,-72.225,84.38,58,62,6.42
223,Rovaniemi,FI,2021-10-06 19:33:42,66.5,25.7167,47.61,100,90,8.05
224,Ikom,NG,2021-10-06 19:37:01,5.9667,8.7063,75.51,96,100,2.75
225,Mahdasht,IR,2021-10-06 19:37:01,35.7299,50.8111,70.02,62,75,18.41
226,Fairbanks,US,2021-10-06 19:36:48,64.8378,-147.7164,41.22,80,75,6.91
227,Mana,GF,2021-10-06 19:37:01,5.6592,-53.7767,81.68,82,100,7.83
228,Valleyview,CA,2021-10-06 19:37:02,55.0667,-117.2859,37.44,87,100,8.05
229,San Juan,AR,2021-10-06 19:37:02,-31.5375,-68.5364,61.93,25,0,15.37
230,Bonavista,CA,2021-10-06 19:37:02,48.6499,-53.1147,63.12,65,15,8.48
231,Ouahigouya,BF,2021-10-06 19:37:03,13.5828,-2.4216,92.71,22,6,5.53
232,Richards Bay,ZA,2021-10-06 19:32:49,-28.783,32.0377,65.61,84,97,3.91
233,Sao Sebastiao,BR,2021-10-06 19:37:03,-23.76,-45.4097,69.62,93,81,7.07
234,Ha Tinh,VN,2021-10-06 19:37:03,18.3333,105.9,75.2,91,98,7.16
235,Ekibastuz,KZ,2021-10-06 19:37:04,51.6667,75.3667,26.94,86,30,11.3
236,Gobabis,NA,2021-10-06 19:37:04,-22.45,18.9667,72.05,13,100,7.76
237,Tornio,FI,2021-10-06 19:37:04,65.8481,24.1466,48.22,97,100,14.63
238,Sao Gabriel Da Cachoeira,BR,2021-10-06 19:37:05,-0.1303,-67.0892,85.8,74,40,4.61
239,Kyshtovka,RU,2021-10-06 19:37:05,56.555,76.6271,36.23,94,100,7.81
240,Henties Bay,NA,2021-10-06 19:37:05,-22.116,14.2845,55.85,87,1,2.68
241,Opuwo,NA,2021-10-06 19:37:06,-18.0607,13.84,72.5,23,86,7.0
242,Waipawa,NZ,2021-10-06 19:37:06,-41.4122,175.5153,57.83,83,100,6.51
243,Castro,BR,2021-10-06 19:34:09,-24.7911,-50.0119,73.0,81,95,4.54
244,Kintampo,GH,2021-10-06 19:37:06,8.0563,-1.7306,75.79,85,100,4.32
245,Hun,LY,2021-10-06 19:37:06,29.1268,15.9477,75.6,30,0,7.56
246,Port Said,EG,2021-10-06 19:37:07,31.2565,32.2841,75.4,63,0,10.07
247,Arraias,BR,2021-10-06 19:37:07,-12.9288,-46.9437,98.76,12,38,4.25
248,Coahuayana,MX,2021-10-06 19:37:07,18.7333,-103.6833,89.08,60,9,5.28
249,Mahina,PF,2021-10-06 19:37:08,-17.5065,-149.489,80.37,61,20,9.22
250,Luau,AO,2021-10-06 19:37:08,-10.7073,22.2247,65.98,92,100,5.77
251,Tarakan,ID,2021-10-06 19:37:08,3.3,117.6333,79.72,82,100,4.34
252,Fort Collins,US,2021-10-06 19:35:04,40.5853,-105.0844,80.19,33,1,4.0
253,Nanortalik,GL,2021-10-06 19:37:09,60.1432,-45.2371,39.99,63,96,3.4
254,Boyarka,UA,2021-10-06 19:37:09,50.3191,30.2973,47.14,49,0,11.18
255,Jawhar,SO,2021-10-06 19:37:09,2.7809,45.5005,76.19,78,98,17.29
256,Vilhena,BR,2021-10-06 19:33:59,-12.7406,-60.1458,89.82,45,40,4.61
257,Dalvik,IS,2021-10-06 19:37:10,65.9702,-18.5286,37.33,89,51,9.75
258,Margate,GB,2021-10-06 19:37:10,51.3813,1.3862,54.88,83,25,5.17
259,Karratha,AU,2021-10-06 19:37:10,-20.7377,116.8463,71.65,73,0,2.28
260,Bacungan,PH,2021-10-06 19:34:52,9.9106,118.7022,79.25,85,100,4.18
261,Raudeberg,NO,2021-10-06 19:37:10,61.9875,5.1352,49.6,93,100,1.99
262,Broome,US,2021-10-06 19:37:11,42.2506,-75.833,73.71,69,90,3.0
263,Jalu,LY,2021-10-06 19:37:11,29.0331,21.5482,72.5,34,0,5.73
264,Drayton Valley,CA,2021-10-06 19:37:11,53.2168,-114.9854,43.92,41,100,9.31
265,Santiago Del Estero,AR,2021-10-06 19:37:12,-27.7951,-64.2615,65.8,32,100,19.28
266,Faanui,PF,2021-10-06 19:37:12,-16.4833,-151.75,78.53,68,0,12.35
267,Balagansk,RU,2021-10-06 19:37:12,54.0103,103.0544,32.07,82,52,2.46
268,Saint-Augustin,CA,2021-10-06 19:37:13,51.226,-58.6502,57.58,33,21,15.9
269,Alice Springs,AU,2021-10-06 19:35:23,-23.7,133.8833,60.35,88,40,8.05
270,Laguna,US,2021-10-06 19:34:45,38.421,-121.4238,77.22,59,1,5.01
271,Ilulissat,GL,2021-10-06 19:37:13,69.2167,-51.1,30.22,59,75,2.3
272,Ponta Delgada,PT,2021-10-06 19:37:13,37.7333,-25.6667,77.5,94,75,10.36
273,Keti Bandar,PK,2021-10-06 19:37:14,24.1447,67.4497,80.31,79,67,8.03
274,Severiano Melo,BR,2021-10-06 19:37:14,-5.7772,-37.9578,95.38,23,73,6.58
275,Kudat,MY,2021-10-06 19:37:14,6.8837,116.8477,77.29,94,20,4.61
276,Cabo San Lucas,MX,2021-10-06 19:37:15,22.8909,-109.9124,96.51,51,1,4.61
277,Coatzintla,MX,2021-10-06 19:37:15,20.4833,-97.45,88.38,42,20,6.91
278,Eyl,SO,2021-10-06 19:37:15,7.9803,49.8164,78.53,85,53,17.52
279,Shache,CN,2021-10-06 19:37:15,38.4167,77.2406,58.41,38,0,9.46
280,San Ramon,US,2021-10-06 19:32:46,37.7799,-121.978,72.52,67,1,1.99
281,Kieta,PG,2021-10-06 19:34:07,-6.2167,155.6333,79.27,78,95,2.53
282,Nehe,CN,2021-10-06 19:37:16,48.4833,124.8333,38.86,72,12,7.09
283,Vaitape,PF,2021-10-06 19:37:16,-16.5167,-151.75,78.53,68,0,12.3
284,Hlinsko,CZ,2021-10-06 19:33:46,49.7621,15.9076,51.57,100,100,5.01
285,Georgetown,MY,2021-10-06 19:37:16,5.4112,100.3354,76.98,89,40,7.0
286,Mutoko,ZW,2021-10-06 19:37:17,-17.397,32.2268,66.25,46,0,6.22
287,Esperance,AU,2021-10-06 19:37:17,-33.8667,121.9,46.24,75,77,10.4
288,Tuatapere,NZ,2021-10-06 19:37:17,-46.1333,167.6833,49.82,82,100,5.14
289,Balkanabat,TM,2021-10-06 19:37:18,39.5108,54.3671,59.47,21,90,15.01
290,Ahipara,NZ,2021-10-06 19:37:18,-35.1667,173.1667,59.56,94,100,4.99
291,Inongo,CD,2021-10-06 19:37:18,-1.95,18.2667,73.65,76,19,5.21
292,Metu,ET,2021-10-06 19:37:18,8.3,35.5833,58.26,97,99,2.46
293,Changqing,CN,2021-10-06 19:37:19,36.5575,116.7272,53.06,96,100,11.03
294,Burns Lake,CA,2021-10-06 19:37:19,54.2331,-125.7533,33.22,67,81,4.45
295,La Primavera,CO,2021-10-06 19:37:19,5.4906,-70.4092,85.78,69,97,7.56
296,San Rafael,AR,2021-10-06 19:37:19,-34.6177,-68.3301,56.93,27,30,6.6
297,Cidreira,BR,2021-10-06 19:37:20,-30.1811,-50.2056,67.26,72,100,10.09
298,Champerico,GT,2021-10-06 19:37:20,14.3,-91.9167,91.94,73,100,5.7
299,Cleethorpes,GB,2021-10-06 19:37:20,53.5605,-0.0323,54.36,87,42,2.3
300,Umm Lajj,SA,2021-10-06 19:37:21,25.0213,37.2685,81.5,63,0,9.93
301,Saint-Georges,GD,2021-10-06 19:37:21,12.0564,-61.7485,89.28,62,20,14.97
302,Tiksi,RU,2021-10-06 19:37:21,71.6872,128.8694,24.28,94,100,5.73
303,Touros,BR,2021-10-06 19:37:22,-5.1989,-35.4608,85.1,75,75,17.54
304,Bereda,ES,2021-10-06 19:34:06,43.2686,-7.5406,60.01,97,13,2.93
305,Sumenep,ID,2021-10-06 19:37:22,-7.0167,113.8667,78.6,78,52,5.23
306,Ngunguru,NZ,2021-10-06 19:37:22,-35.6167,174.5,62.17,91,100,13.38
307,Clyde River,CA,2021-10-06 19:37:23,70.4692,-68.5914,34.03,100,90,5.75
308,Deer Lake,CA,2021-10-06 19:37:23,49.1667,-57.4316,60.66,51,75,9.22
309,Ust-Tsilma,RU,2021-10-06 19:37:23,65.441,52.1498,45.75,79,100,9.46
310,Sao Jose Da Coroa Grande,BR,2021-10-06 19:37:23,-8.8978,-35.1478,77.67,79,45,9.91
311,Torbay,CA,2021-10-06 19:37:24,47.6666,-52.7314,63.37,57,90,16.11
312,Nchelenge,ZM,2021-10-06 19:37:24,-9.3451,28.734,80.49,42,96,2.13
313,Cap Malheureux,MU,2021-10-06 19:37:24,-19.9842,57.6142,69.48,78,2,4.59
314,Zvishavane,ZW,2021-10-06 19:37:25,-20.3267,30.0665,71.4,49,0,7.99
315,Kargasok,RU,2021-10-06 19:37:25,59.0556,80.8572,35.92,95,100,9.78
316,Halver,DE,2021-10-06 19:37:25,51.1861,7.4982,50.68,95,93,7.99
317,Dingle,PH,2021-10-06 19:37:25,10.9995,122.6711,75.06,90,90,2.86
318,Yeniseysk,RU,2021-10-06 19:37:26,58.4497,92.1703,30.42,77,100,5.99
319,Hasaki,JP,2021-10-06 19:37:26,35.7333,140.8333,66.6,71,100,10.96
320,Kloulklubed,PW,2021-10-06 19:37:26,7.0419,134.2556,77.5,76,79,18.92
321,La Mana,EC,2021-10-06 19:37:27,-0.9333,-79.2167,85.89,63,98,2.24
322,Mercedes,AR,2021-10-06 19:33:59,-34.6515,-59.4307,63.86,44,8,14.97
323,Olafsvik,IS,2021-10-06 19:37:27,64.8945,-23.7142,41.13,71,20,15.01
324,Suwalki,PL,2021-10-06 19:37:27,54.1118,22.9309,50.58,58,100,14.67
325,Turinskaya Sloboda,RU,2021-10-06 19:37:27,57.6232,64.3858,36.36,87,22,6.02
326,Sao Filipe,CV,2021-10-06 19:37:28,14.8961,-24.4956,79.54,77,23,13.15
327,Gorontalo,ID,2021-10-06 19:37:28,0.5412,123.0595,73.69,89,10,2.04
328,Stawell,AU,2021-10-06 19:37:28,-37.05,142.7667,37.81,91,2,5.48
329,Sakaiminato,JP,2021-10-06 19:37:29,35.55,133.2333,66.18,94,20,2.3
330,Sitka,US,2021-10-06 19:33:21,57.0531,-135.33,44.49,65,75,0.0
331,Naousa,GR,2021-10-06 19:37:29,40.6329,22.0534,60.04,53,74,2.46
332,Lithakia,GR,2021-10-06 19:37:29,37.7167,20.8333,72.59,88,75,5.75
333,Nome,US,2021-10-06 19:33:18,64.5011,-165.4064,41.07,87,90,16.11
334,Menongue,AO,2021-10-06 19:37:29,-14.6585,17.691,66.63,75,100,6.13
335,Mvuma,ZW,2021-10-06 19:34:17,-19.2792,30.5283,67.32,37,5,9.31
336,Qandala,SO,2021-10-06 19:37:30,11.472,49.8728,87.67,64,2,3.56
337,Guna,IN,2021-10-06 19:37:30,24.65,77.3167,78.1,70,17,2.77
338,Alexandria,EG,2021-10-06 19:35:15,31.2156,29.9553,73.69,66,0,7.47
339,Kalmar,SE,2021-10-06 19:37:30,56.6616,16.3616,55.15,98,99,4.61
340,Mandera,KE,2021-10-06 19:37:31,3.9366,41.867,87.19,32,40,12.15
341,Bend,US,2021-10-06 19:37:31,44.0582,-121.3153,52.48,42,1,3.0
342,Aegviidu,EE,2021-10-06 19:37:31,59.2858,25.6142,57.16,60,100,14.34
343,Juarez,MX,2021-10-06 19:35:49,31.7333,-106.4833,87.17,30,1,5.99
344,Fohnsdorf,AT,2021-10-06 19:37:32,47.2183,14.6819,45.79,100,90,2.3
345,Saint Pete Beach,US,2021-10-06 19:37:32,27.7253,-82.7412,93.34,63,1,4.61
346,Doha,QA,2021-10-06 19:36:43,25.2867,51.5333,87.78,68,0,3.44
347,Comodoro Rivadavia,AR,2021-10-06 19:37:32,-45.8667,-67.5,66.06,16,0,20.71
348,Centralia,US,2021-10-06 19:34:41,46.7162,-122.9543,58.46,79,90,11.5
349,Acajutla,SV,2021-10-06 19:37:33,13.5928,-89.8275,93.54,67,98,4.88
350,Jaru,BR,2021-10-06 19:37:33,-10.4389,-62.4664,89.94,48,96,5.28
351,Tocopilla,CL,2021-10-06 19:37:33,-22.092,-70.1979,67.06,61,64,7.54
352,Songea,TZ,2021-10-06 19:37:34,-10.6833,35.65,69.12,42,74,3.06
353,Mount Isa,AU,2021-10-06 19:37:34,-20.7333,139.5,65.97,39,12,0.0
354,Marzuq,YE,2021-10-06 19:37:34,14.4,46.4667,83.21,32,84,5.08
355,Beamsville,CA,2021-10-06 19:35:19,43.1668,-79.4829,75.02,92,62,5.75
356,Katsuura,JP,2021-10-06 19:37:34,35.1333,140.3,69.19,78,100,12.66
357,Port Moresby,PG,2021-10-06 19:37:35,-9.4431,147.1797,78.22,94,20,4.61
358,Warman,CA,2021-10-06 19:37:35,52.3168,-106.5679,71.51,28,90,13.8
359,Shelburne,CA,2021-10-06 19:37:35,44.0787,-80.2041,68.13,71,98,4.32
360,Porto Novo,BJ,2021-10-06 19:37:36,6.4965,2.6036,78.62,88,99,6.26
361,Walvis Bay,NA,2021-10-06 19:37:36,-22.9575,14.5053,56.08,87,12,6.91
362,Manzhouli,CN,2021-10-06 19:37:36,49.6,117.4333,39.15,87,46,6.02
363,Bintulu,MY,2021-10-06 19:37:36,3.1667,113.0333,77.41,94,20,5.01
364,Tingo Maria,PE,2021-10-06 19:37:37,-9.2895,-76.0088,86.31,58,75,8.05
365,Saint Anthony,US,2021-10-06 19:37:37,45.0205,-93.218,73.98,72,75,1.99
366,Kiama,AU,2021-10-06 19:32:38,-34.6833,150.8667,59.25,66,90,9.06
367,High Level,CA,2021-10-06 19:37:37,58.5169,-117.136,35.71,93,90,8.05
368,Tilichiki,RU,2021-10-06 19:37:38,60.4667,166.1,26.31,89,100,9.69
369,Gandorhun,SL,2021-10-06 19:37:38,7.5,-11.8333,75.34,95,72,3.42
370,Warrington,GB,2021-10-06 19:33:15,53.3925,-2.5802,56.89,87,90,1.99
371,Takoradi,GH,2021-10-06 19:37:38,4.8845,-1.7554,77.97,88,100,7.81
372,Los Llanos De Aridane,ES,2021-10-06 19:33:27,28.6585,-17.9182,69.55,86,75,12.66
373,Mamakan,RU,2021-10-06 19:37:39,57.8161,114.0028,29.12,87,100,4.29
374,Beverungen,DE,2021-10-06 19:37:39,51.6667,9.3667,54.36,80,100,7.47
375,Thinadhoo,MV,2021-10-06 19:37:39,0.5333,72.9333,83.95,72,41,13.11
376,Kantabanji,IN,2021-10-06 19:37:39,20.4833,82.9167,76.01,86,7,0.65
377,Gorom-Gorom,BF,2021-10-06 19:37:40,14.4439,-0.2361,95.99,16,0,3.58
378,Ranong,TH,2021-10-06 19:37:40,9.9658,98.6348,76.77,94,100,13.29
379,Lavrentiya,RU,2021-10-06 19:37:40,65.5833,-171.0,36.3,99,100,8.9
380,Awbari,LY,2021-10-06 19:37:40,26.5921,12.7805,77.0,23,0,6.51
381,Urucara,BR,2021-10-06 19:37:41,-2.5364,-57.76,94.93,35,100,2.53
382,Brownsville,US,2021-10-06 19:36:46,25.9018,-97.4975,89.6,51,1,1.99
383,Sibolga,ID,2021-10-06 19:37:41,1.7427,98.7792,75.61,87,100,2.26
384,Jaciara,BR,2021-10-06 19:37:20,-15.9653,-54.9683,84.18,54,95,3.69
385,Byron Bay,AU,2021-10-06 19:37:42,-28.65,153.6167,56.88,76,6,5.12
386,Turukhansk,RU,2021-10-06 19:37:42,65.8167,87.9833,38.23,98,100,14.03
387,Dax,FR,2021-10-06 19:37:42,43.75,-1.1667,58.39,92,31,0.0
388,Auki,SB,2021-10-06 19:37:42,-8.7676,160.7034,79.11,82,89,3.53
389,Dong Hoi,VN,2021-10-06 19:37:43,17.4833,106.6,78.96,87,100,14.85
390,Pangody,RU,2021-10-06 19:37:43,65.85,74.4859,41.43,86,82,20.87
391,Gallup,US,2021-10-06 19:37:43,35.5281,-108.7426,64.24,60,1,1.99
392,Dolores,AR,2021-10-06 19:37:43,-36.3132,-57.6792,55.76,57,11,16.13
393,Ulladulla,AU,2021-10-06 19:37:44,-35.35,150.4667,58.87,67,52,8.7
394,Dubbo,AU,2021-10-06 19:37:44,-32.25,148.6167,46.53,81,100,9.22
395,Amahai,ID,2021-10-06 19:37:44,-3.3333,128.9167,76.95,87,100,1.79
396,Mubi,NG,2021-10-06 19:37:44,10.2676,13.2644,73.83,80,100,3.29
397,Waw,SS,2021-10-06 19:37:45,7.7029,27.9953,75.38,79,99,2.86
398,Morondava,MG,2021-10-06 19:37:45,-20.2833,44.2833,76.44,57,0,18.57
399,Palmer,US,2021-10-06 19:37:45,42.1584,-72.3287,73.54,62,40,0.0
400,Sindor,RU,2021-10-06 19:37:46,62.8629,51.8905,39.67,89,69,7.87
401,Dalby,AU,2021-10-06 19:37:46,-27.1833,151.2667,48.9,60,11,2.3
402,Kirakira,SB,2021-10-06 19:37:46,-10.4544,161.9205,80.58,83,98,8.88
403,Santa Cruz,BO,2021-10-06 19:37:46,-17.8,-63.1667,94.46,40,75,19.57
404,Mariental,NA,2021-10-06 19:37:47,-24.6333,17.9667,72.25,10,0,9.62
405,Corinto,GR,2021-10-06 19:37:17,37.9407,22.9573,67.89,60,0,3.62
406,Oranjestad,AW,2021-10-06 19:37:47,12.524,-70.027,89.55,62,20,24.16
407,Cabedelo,BR,2021-10-06 19:37:47,-6.9811,-34.8339,83.07,77,99,15.97
408,Cortez,US,2021-10-06 19:37:48,37.3489,-108.5859,67.42,63,1,10.56
409,Kasongo-Lunda,CD,2021-10-06 19:37:48,-6.4667,16.8167,70.74,96,99,0.72
410,Mzimba,MW,2021-10-06 19:37:48,-11.9,33.6,66.51,52,16,7.05
411,Portland,US,2021-10-06 19:36:14,45.5234,-122.6762,62.11,73,75,1.01
412,Goure,NE,2021-10-06 19:37:49,13.9835,10.2704,89.02,16,20,9.24
413,Bubaque,GW,2021-10-06 19:37:49,11.2833,-15.8333,83.17,76,19,8.72
414,La Ronge,CA,2021-10-06 19:37:49,55.1001,-105.2842,55.62,50,40,9.22
415,Port Macquarie,AU,2021-10-06 19:37:49,-31.4333,152.9167,50.38,61,98,4.7
416,Flinders,AU,2021-10-06 19:37:50,-34.5833,150.8552,59.05,80,95,1.99
417,Udachnyy,RU,2021-10-06 19:37:50,66.4167,112.4,28.92,91,100,12.15
418,Abu Samrah,SY,2021-10-06 19:37:50,35.3029,37.1841,67.1,23,0,5.7
419,Vadso,NO,2021-10-06 19:37:51,70.0744,29.7487,45.48,87,0,3.44
420,Goderich,CA,2021-10-06 19:37:51,43.7501,-81.7165,67.91,78,63,4.38
421,Lardos,GR,2021-10-06 19:37:51,36.0942,28.0157,73.94,57,0,5.53
422,Aksaray,TR,2021-10-06 19:37:51,38.3726,34.0254,51.39,55,0,8.88
423,Mujiayingzi,CN,2021-10-06 19:37:52,42.1167,118.7833,40.59,80,12,4.09
424,Mandapam,IN,2021-10-06 19:37:52,9.2833,79.1167,82.62,80,92,23.91
425,Yima,CN,2021-10-06 19:37:52,34.7381,111.8839,52.0,92,97,1.83
426,Contamana,PE,2021-10-06 19:37:53,-7.3333,-75.0167,86.95,53,99,2.48
427,Camacha,PT,2021-10-06 19:37:53,33.0833,-16.3333,70.56,78,40,11.5
428,Sakakah,SA,2021-10-06 19:37:53,29.9697,40.2064,83.77,24,0,5.21
429,Donskoye,RU,2021-10-06 19:37:53,45.4552,41.9741,45.43,67,12,18.88
430,College,US,2021-10-06 19:37:54,64.8569,-147.8028,41.2,79,75,3.44
431,Solok,ID,2021-10-06 19:37:54,-0.7918,100.6593,70.36,93,100,2.66
432,Port-Gentil,GA,2021-10-06 19:37:54,-0.7193,8.7815,78.76,78,40,13.8
433,Srednekolymsk,RU,2021-10-06 19:34:59,67.45,153.6833,13.37,86,70,6.42
434,Adre,TD,2021-10-06 19:37:55,13.4667,22.2,81.43,25,12,7.09
435,Talaya,RU,2021-10-06 19:37:55,61.3833,152.75,0.82,96,53,1.36
436,Tambura,SS,2021-10-06 19:37:55,5.6,27.4667,70.83,93,77,2.17
437,Pimentel,PE,2021-10-06 19:37:55,-6.8367,-79.9342,73.69,60,0,16.11
438,Semnan,IR,2021-10-06 19:35:05,35.5729,53.3971,65.35,42,28,4.59
439,Prado,BR,2021-10-06 19:34:01,-17.3411,-39.2208,77.0,74,0,7.4
440,San Andres,CO,2021-10-06 19:37:56,12.5847,-81.7006,87.82,74,75,10.36
441,Yei,SS,2021-10-06 19:37:56,4.095,30.6779,69.1,93,95,2.95
442,Arona,ES,2021-10-06 19:37:56,28.0996,-16.681,68.83,72,20,14.97
443,Bilibino,RU,2021-10-06 19:37:57,68.0546,166.4372,-2.9,98,92,2.37
444,Minot,US,2021-10-06 19:37:57,48.2325,-101.2963,88.02,19,1,13.0
445,Paide,EE,2021-10-06 19:37:57,58.8856,25.5572,53.89,60,100,13.02
446,Bundaberg,AU,2021-10-06 19:37:58,-24.85,152.35,55.69,88,1,4.61
447,Chenghai,CN,2021-10-06 19:37:58,23.4632,116.768,78.71,100,3,4.47
448,Mount Gambier,AU,2021-10-06 19:37:58,-37.8333,140.7667,40.91,93,12,8.05
449,Syracuse,IT,2021-10-06 19:37:58,37.0881,15.2792,69.85,82,9,8.05
450,Seydi,TM,2021-10-06 19:37:59,39.4816,62.9137,50.9,20,0,16.31
451,Okhotsk,RU,2021-10-06 19:37:59,59.3833,143.3,24.73,71,44,15.23
452,Unguia,CO,2021-10-06 19:37:59,8.0434,-77.0945,84.45,78,91,5.1
453,Vanimo,PG,2021-10-06 19:38:00,-2.6741,141.3028,75.56,93,100,4.16
454,Port Blair,IN,2021-10-06 19:38:00,11.6667,92.75,80.76,83,100,12.06
455,Maceio,BR,2021-10-06 19:34:08,-9.6658,-35.7353,85.44,70,75,16.11
456,Mersing,MY,2021-10-06 19:38:00,2.4312,103.8405,76.91,94,90,5.75
457,Severo-Kurilsk,RU,2021-10-06 19:38:00,50.6789,156.125,42.98,76,66,10.42
458,Marsh Harbour,BS,2021-10-06 19:38:01,26.5412,-77.0636,84.38,68,12,13.65
459,Mapimi,MX,2021-10-06 19:38:01,25.8167,-103.85,81.37,32,2,6.8
460,Kapoeta,SS,2021-10-06 19:38:02,4.7717,33.5903,80.92,57,74,4.83
461,Nelson Bay,AU,2021-10-06 19:38:02,-32.7167,152.15,59.95,85,100,7.18
462,Iqaluit,CA,2021-10-06 19:38:02,63.7506,-68.5145,42.53,70,75,8.99
463,Sola,VU,2021-10-06 19:38:02,-13.8833,167.55,80.29,77,38,11.5
464,Pangkalanbuun,ID,2021-10-06 19:38:03,-2.6833,111.6167,74.64,93,100,1.86
465,Ginda,IN,2021-10-06 19:38:03,30.6945,78.4932,59.0,80,0,4.85
466,Poum,NC,2021-10-06 19:38:03,-20.2333,164.0167,73.44,73,0,12.19
467,Livingstone,ZM,2021-10-06 19:38:04,-17.8419,25.8543,78.98,31,73,1.43
468,Faya,SA,2021-10-06 19:38:04,18.3851,42.4509,68.11,35,42,10.13
469,Biak,ID,2021-10-06 19:38:04,-0.9131,122.8766,74.64,82,90,3.78
470,Tabas,IR,2021-10-06 19:38:05,33.5959,56.9244,79.14,15,2,3.71
471,Yingcheng,CN,2021-10-06 19:38:05,30.95,113.55,59.05,81,61,12.73
472,Kysyl-Syr,RU,2021-10-06 19:38:05,63.8986,122.7617,26.29,88,28,8.5
473,Jinchang,CN,2021-10-06 19:38:05,38.4953,102.1739,51.12,59,6,5.95
474,Mamburao,PH,2021-10-06 19:38:06,13.25,120.6667,76.66,80,99,4.61
475,Garmsar,IR,2021-10-06 19:38:06,35.2182,52.3409,72.64,31,64,6.29
476,Klyuchi,RU,2021-10-06 19:38:06,52.2667,79.1667,36.48,79,100,9.13
477,Pavilosta,LV,2021-10-06 19:38:07,56.8879,21.1859,58.95,62,100,16.75
478,Santa Maria,BR,2021-10-06 19:35:55,-29.6842,-53.8069,69.1,68,0,5.75
479,Daru,PG,2021-10-06 19:38:07,-9.0763,143.2092,77.0,89,100,10.45
480,Moron,AR,2021-10-06 19:38:07,-34.6534,-58.6198,65.01,39,5,8.01
481,Carmen,MX,2021-10-06 19:38:08,18.6333,-91.8333,84.24,79,75,6.91
482,Oistins,BB,2021-10-06 19:38:08,13.0667,-59.5333,80.69,83,75,17.27
483,Sechura,PE,2021-10-06 19:38:08,-5.5569,-80.8222,77.11,58,27,15.66
484,Augusto Correa,BR,2021-10-06 19:38:08,-1.0217,-46.635,83.43,69,100,6.82
485,Cedar City,US,2021-10-06 19:38:09,37.6775,-113.0619,63.57,52,40,11.5
486,Tigil,RU,2021-10-06 19:38:09,57.8,158.6667,29.66,90,98,5.35
487,Hualmay,PE,2021-10-06 19:38:09,-11.0964,-77.6139,66.38,76,36,8.12
488,Camana,PE,2021-10-06 19:38:10,-16.6228,-72.7111,66.72,72,100,6.33
489,Laibin,CN,2021-10-06 19:38:10,23.7,109.2667,78.03,75,10,6.13
490,Sleaford,GB,2021-10-06 19:38:10,52.9983,-0.4094,56.53,90,75,5.75
491,Pedini,GR,2021-10-06 19:38:10,39.5997,20.8433,67.78,60,59,8.05
492,Balakhninskiy,RU,2021-10-06 19:38:11,58.0106,114.2769,26.96,91,95,4.54
493,Delta,NG,2021-10-06 19:38:11,5.5,6.0,75.25,95,100,2.93
494,Ourem,PT,2021-10-06 19:38:11,39.6417,-8.5919,71.55,87,1,4.45
495,Vardo,NO,2021-10-06 19:38:12,70.3705,31.1107,44.35,93,0,2.3
496,Mago,RU,2021-10-06 19:38:12,53.2514,140.1822,29.48,85,19,3.02
497,Maua,BR,2021-10-06 19:38:12,-23.6678,-46.4614,87.6,78,17,9.01
498,Bogomila,MK,2021-10-06 19:38:12,41.5931,21.4717,57.38,90,99,4.56
499,Anantapur,IN,2021-10-06 19:38:13,14.6833,77.6,78.08,83,86,7.0
500,Chengde,CN,2021-10-06 19:38:13,40.9725,117.9361,43.36,93,26,1.12
501,Jardim,BR,2021-10-06 19:38:13,-21.4803,-56.1381,95.5,35,65,6.33
502,Ulagan,RU,2021-10-06 19:38:14,50.6321,87.9563,26.47,96,100,3.11
503,Nagua,DO,2021-10-06 19:38:14,19.3832,-69.8474,88.11,89,40,6.91
504,Poronaysk,RU,2021-10-06 19:38:14,49.2167,143.1167,35.85,79,0,3.62
505,Nefteyugansk,RU,2021-10-06 19:33:15,61.0998,72.6035,39.45,92,100,12.26
506,Grootfontein,NA,2021-10-06 19:38:15,-19.5667,18.1167,76.14,28,79,9.1
507,Zaragoza,ES,2021-10-06 19:38:15,41.6561,-0.8773,63.05,51,0,5.99
508,Agadir,MA,2021-10-06 19:34:50,30.4202,-9.5982,66.65,68,74,1.74
509,Hambantota,LK,2021-10-06 19:38:15,6.1241,81.1185,79.48,86,40,13.0
510,Adilpur,PK,2021-10-06 19:38:15,27.937,69.3187,85.89,34,0,3.58
511,Afua,BR,2021-10-06 19:38:16,-0.1567,-50.3867,87.13,61,67,9.48
512,Xuddur,SO,2021-10-06 19:38:16,4.1213,43.8894,74.25,60,83,18.19
513,Tromso,NO,2021-10-06 19:38:16,69.6496,18.957,43.45,81,75,6.91
514,Norman Wells,CA,2021-10-06 19:38:17,65.282,-126.8329,26.64,93,75,8.05
515,Roebourne,AU,2021-10-06 19:38:17,-20.7833,117.1333,71.53,65,0,2.08
516,Leeton,AU,2021-10-06 19:38:17,-34.5667,146.4,58.91,66,1,8.05
517,Bjelovar,HR,2021-10-06 19:38:17,45.8986,16.8489,53.4,97,100,14.54
518,Labuhan,ID,2021-10-06 19:38:18,-6.8844,112.2051,76.6,71,100,13.22
519,Port Lincoln,AU,2021-10-06 19:38:18,-34.7333,135.8667,49.5,64,8,7.38
520,Biltine,TD,2021-10-06 19:38:18,14.5333,20.9167,85.24,14,77,7.16
521,Vesyegonsk,RU,2021-10-06 19:38:19,58.664,37.2604,41.77,83,36,5.95
522,Quatre Cocos,MU,2021-10-06 19:38:19,-20.2078,57.7625,69.1,81,21,5.21
523,Kirando,TZ,2021-10-06 19:38:19,-7.4167,30.6,79.61,53,93,6.76
524,Port Townsend,US,2021-10-06 19:38:20,48.117,-122.7605,58.82,65,75,1.99
525,Bokoro,TD,2021-10-06 19:38:20,12.3807,17.0568,87.78,22,7,2.82
526,Ibra,OM,2021-10-06 19:38:20,22.6906,58.5334,81.16,61,0,5.5
527,Mehamn,NO,2021-10-06 19:38:21,71.0357,27.8492,44.78,81,40,5.75
528,Uglekamensk,RU,2021-10-06 19:38:21,43.2172,133.2303,45.03,87,100,2.37
529,Huntington,US,2021-10-06 19:36:45,38.4193,-82.4452,83.1,68,75,5.75
530,Tongliao,CN,2021-10-06 19:38:22,43.6125,122.2653,41.79,61,9,5.82
531,Pangnirtung,CA,2021-10-06 19:38:22,66.1451,-65.7125,42.8,65,75,13.8
532,Komsomolskiy,UZ,2021-10-06 19:38:22,40.4272,71.7189,53.02,76,53,6.91
533,La Palma,US,2021-10-06 19:38:23,33.8464,-118.0467,79.95,73,75,4.0
534,Cody,US,2021-10-06 19:38:23,44.5263,-109.0565,70.41,36,40,10.36
535,Surskoye,RU,2021-10-06 19:38:23,54.4821,46.7214,36.5,70,25,2.86
536,Makakilo City,US,2021-10-06 19:38:23,21.3469,-158.0858,82.72,58,1,12.66
537,Axim,GH,2021-10-06 19:38:24,4.8699,-2.2405,78.53,88,99,7.43
538,Tulsipur,NP,2021-10-06 19:38:24,28.131,82.2973,70.03,88,10,3.89
539,Kemise,ET,2021-10-06 19:38:24,10.7167,39.8667,70.32,71,96,6.13
540,San Jeronimo,PE,2021-10-06 19:38:25,-11.9472,-75.2829,59.41,58,76,5.41
541,Jurbarkas,LT,2021-10-06 19:38:25,55.0778,22.7664,52.77,56,100,14.43
542,Sept-Iles,CA,2021-10-06 19:35:29,50.2001,-66.3821,70.32,28,75,11.5
543,Aasiaat,GL,2021-10-06 19:38:25,68.7098,-52.8699,30.69,77,100,6.98
544,Mantua,IT,2021-10-06 19:38:26,45.1667,10.7833,58.91,85,100,1.01
545,Zalantun,CN,2021-10-06 19:38:26,48.0,122.7167,37.04,67,8,2.95
546,Okahandja,NA,2021-10-06 19:38:27,-21.9833,16.9167,75.51,16,4,5.73
547,Sebinkarahisar,TR,2021-10-06 19:38:27,40.2883,38.4236,42.42,76,3,2.8
548,Svetlaya,RU,2021-10-06 19:38:27,46.5389,138.3297,47.26,62,100,6.24
549,Buin,CL,2021-10-06 19:38:28,-33.7333,-70.75,83.05,21,9,6.58
550,Aklavik,CA,2021-10-06 19:38:28,68.2191,-135.0107,36.43,77,100,8.81
551,Honningsvag,NO,2021-10-06 19:38:28,70.9821,25.9704,44.35,70,75,11.5
552,Guatire,VE,2021-10-06 19:38:29,10.4762,-66.5427,91.9,62,75,7.43
553,Naron,ES,2021-10-06 19:38:29,43.5167,-8.1528,64.69,86,5,5.23
554,Mirabad,AF,2021-10-06 19:38:29,30.4362,61.8383,76.19,12,5,7.34
555,Mabai,CN,2021-10-06 19:38:29,23.0128,104.4508,59.13,95,6,3.02
556,Grand-Santi,GF,2021-10-06 19:38:30,4.25,-54.3833,85.71,63,98,2.33
557,Ferrol,ES,2021-10-06 19:38:30,43.4832,-8.2369,66.45,84,6,4.5
558,Jyvaskyla,FI,2021-10-06 19:38:30,62.2415,25.7209,53.96,68,20,12.66
559,Olinda,BR,2021-10-06 19:38:31,-8.0089,-34.8553,80.33,74,75,16.11
560,Morshansk,RU,2021-10-06 19:38:31,53.4435,41.8107,40.46,71,95,4.9
561,Hofn,IS,2021-10-06 19:38:31,64.2539,-15.2082,41.02,75,75,17.27
562,Am Timan,TD,2021-10-06 19:38:32,11.0297,20.2827,81.18,56,5,2.28
563,Shimoda,JP,2021-10-06 19:38:32,34.6667,138.95,66.11,85,94,10.33
